Time,Frequency
760.798613,0.0001
761.144429,0.1807
767.076334,0.0105
774.832616,0.0081
783.165471,0.0075
